"code_hex","spec_name","table31_write","table31_read","table31_data_bytes","gui_status","gui_name","gui_preferred_protocol","gui_decode_format","bridge_transport_status","device_model_status","device_model_name","device_model_note","product_binding_status","validation_status","notes"
"0x00","PAGE","Write Byte","Read Byte","1","Preset","PAGE","WriteByte","RawByte","TransportReady","Implemented","PAGE","Config shadow","ImplementedBehavior","Documented","Current page byte"
"0x01","OPERATION","Write Byte","Read Byte","1","Preset","OPERATION","WriteByte","RawByte","TransportReady","Implemented","OPERATION","Config shadow","ImplementedBehavior","Documented","Operation byte; bit7 drives STATUS_BYTE.OFF summary"
"0x02","ON_OFF_CONFIG","Write Byte","Read Byte","1","Preset","ON_OFF_CONFIG","ReadByte","RawByte","TransportReady","Implemented","ON_OFF_CONFIG","Config shadow","HostVisibleShadowOrPlaceholder","HostVisibleOnly","On/off policy byte"
"0x03","CLEAR_FAULTS","Send Byte","N/A","0","Preset","CLEAR_FAULTS","SendByte","None","TransportReady","Implemented","CLEAR_FAULTS","Status shadow","ImplementedBehavior","Documented","Clears latched fault bits and CML source"
"0x04","PHASE","Write Byte","Read Byte","1","Preset","PHASE","WriteByte","RawByte","TransportReady","Implemented","PHASE","Config shadow","HostVisibleShadowOrPlaceholder","HostVisibleOnly","Current phase selector shadow"
"0x05","PAGE_PLUS_WRITE","Block Write","N/A","Variable","Preset","PAGE_PLUS_WRITE","BlockWrite","RawBlock","TransportReady","Implemented","PAGE_PLUS_WRITE","Config shadow","HostVisibleShadowOrPlaceholder","HostVisibleOnly","Page-qualified write wrapper; reuses the target command handler and stores last page/target/payload. TODO: bind to real multi-page rails before product use"
"0x06","PAGE_PLUS_READ","N/A","Block Write-Read Process Call","Variable","Preset","PAGE_PLUS_READ","BlockWriteReadProcessCall","RawBlock","TransportReady","Implemented","PAGE_PLUS_READ","Config shadow","HostVisibleShadowOrPlaceholder","HostVisibleOnly","Page-qualified read wrapper; returns target byte/word/dword/block response as a block payload. TODO: bind to real multi-page rails before product use"
"0x07","ZONE_CONFIG","Write Word","Read Word","2","Preset","ZONE_CONFIG","WriteWord","RawWord","TransportReady","Implemented","ZONE_CONFIG","Config shadow","HostVisibleShadowOrPlaceholder","HostVisibleOnly","16-bit zone configuration shadow"
"0x08","ZONE_ACTIVE","Write Word","Read Word","2","Preset","ZONE_ACTIVE","WriteWord","RawWord","TransportReady","Implemented","ZONE_ACTIVE","Config shadow","HostVisibleShadowOrPlaceholder","HostVisibleOnly","16-bit active-zone state shadow"
"0x10","WRITE_PROTECT","Write Byte","Read Byte","1","Preset","WRITE_PROTECT","WriteByte","RawByte","TransportReady","Implemented","WRITE_PROTECT","Config shadow","ImplementedBehavior","Documented","Write-protect byte; non-zero locks writable command handlers except WRITE_PROTECT and CLEAR_FAULTS"
"0x11","STORE_DEFAULT_ALL","Send Byte","N/A","0","Preset","STORE_DEFAULT_ALL","SendByte","None","TransportReady","Implemented","STORE_DEFAULT_ALL","Config shadow","HostVisibleShadowOrPlaceholder","HostVisibleOnly","ACKs and records the store/restore request only. TODO: connect to product NVM with wear/error policy"
"0x12","RESTORE_DEFAULT_ALL","Send Byte","N/A","0","Preset","RESTORE_DEFAULT_ALL","SendByte","None","TransportReady","Implemented","RESTORE_DEFAULT_ALL","Config shadow","HostVisibleShadowOrPlaceholder","HostVisibleOnly","ACKs and records the store/restore request only. TODO: connect to product NVM with wear/error policy"
"0x13","STORE_DEFAULT_CODE","Write Byte","N/A","1","Preset","STORE_DEFAULT_CODE","WriteByte","RawByte","TransportReady","Implemented","STORE_DEFAULT_CODE","Config shadow","HostVisibleShadowOrPlaceholder","HostVisibleOnly","ACKs and records the requested code only. TODO: connect to product NVM with wear/error policy"
"0x14","RESTORE_DEFAULT_CODE","Write Byte","N/A","1","Preset","RESTORE_DEFAULT_CODE","WriteByte","RawByte","TransportReady","Implemented","RESTORE_DEFAULT_CODE","Config shadow","HostVisibleShadowOrPlaceholder","HostVisibleOnly","ACKs and records the requested code only. TODO: connect to product NVM with wear/error policy"
"0x15","STORE_USER_ALL","Send Byte","N/A","0","Preset","STORE_USER_ALL","SendByte","None","TransportReady","Implemented","STORE_USER_ALL","Config shadow","HostVisibleShadowOrPlaceholder","HostVisibleOnly","ACKs and records the store/restore request only. TODO: connect to product NVM with wear/error policy"
"0x16","RESTORE_USER_ALL","Send Byte","N/A","0","Preset","RESTORE_USER_ALL","SendByte","None","TransportReady","Implemented","RESTORE_USER_ALL","Config shadow","HostVisibleShadowOrPlaceholder","HostVisibleOnly","ACKs and records the store/restore request only. TODO: connect to product NVM with wear/error policy"
"0x17","STORE_USER_CODE","Write Byte","N/A","1","Preset","STORE_USER_CODE","WriteByte","RawByte","TransportReady","Implemented","STORE_USER_CODE","Config shadow","HostVisibleShadowOrPlaceholder","HostVisibleOnly","ACKs and records the requested code only. TODO: connect to product NVM with wear/error policy"
"0x18","RESTORE_USER_CODE","Write Byte","N/A","1","Preset","RESTORE_USER_CODE","WriteByte","RawByte","TransportReady","Implemented","RESTORE_USER_CODE","Config shadow","HostVisibleShadowOrPlaceholder","HostVisibleOnly","ACKs and records the requested code only. TODO: connect to product NVM with wear/error policy"
"0x19","CAPABILITY","N/A","Read Byte","1","Preset","CAPABILITY","ReadByte","Capability","TransportReady","Implemented","CAPABILITY","Config shadow","ImplementedBehavior","Documented","0x80 when PEC enabled, 0x00 otherwise"
"0x1A","QUERY","N/A","Block Write-Read Process Call","1","Preset","QUERY","BlockWriteReadProcessCall","QueryResult","TransportReady","Implemented","QUERY","Dispatch map","ImplementedBehavior","Documented","Returns a 1-byte PMBus query capability payload for the requested command byte"
"0x1B","SMBALERT_MASK","Write Word","Block Write-Read Process Call","2","Preset","SMBALERT_MASK","BlockWriteReadProcessCall","RawWord","TransportReady","Implemented","SMBALERT_MASK","Config shadow","HostVisibleShadowOrPlaceholder","HostVisibleOnly","16-bit SMBALERT mask shadow; read path returns block payload [count=2][LSB][MSB]"
"0x20","VOUT_MODE","Write Byte","Read Byte","1","Preset","VOUT_MODE","ReadByte","RawByte","TransportReady","Implemented","VOUT_MODE","Config shadow","ImplementedBehavior","Documented","PMBus Table 2 VOUT_MODE byte: validates absolute/relative plus ULINEAR16/VID/Direct/IEEE selector semantics."
"0x21","VOUT_COMMAND","Write Word","Read Word","2","Preset","VOUT_COMMAND","ReadWord","Linear16Vout","TransportReady","Implemented","VOUT_COMMAND","Config shadow","ImplementedBehavior","Documented","VOUT_MODE-aware target voltage word: ULINEAR16/Direct/IEEE update internal mV shadow; VID keeps right-justified raw code until a product VID table is assigned."
"0x22","VOUT_TRIM","Write Word","Read Word","2","Preset","VOUT_TRIM","ReadWord","Linear16Vout","TransportReady","Implemented","VOUT_TRIM","Config shadow","HostVisibleShadowOrPlaceholder","HostVisibleOnly","ULINEAR16 trim shadow"
"0x23","VOUT_CAL_OFFSET","Write Word","Read Word","2","Preset","VOUT_CAL_OFFSET","ReadWord","Linear16Vout","TransportReady","Implemented","VOUT_CAL_OFFSET","Config shadow","HostVisibleShadowOrPlaceholder","HostVisibleOnly","ULINEAR16 calibration offset shadow"
"0x24","VOUT_MAX","Write Word","Read Word","2","Preset","VOUT_MAX","ReadWord","Linear16Vout","TransportReady","Implemented","VOUT_MAX","Config shadow","HostVisibleShadowOrPlaceholder","HostVisibleOnly","ULINEAR16 maximum output-voltage shadow"
"0x25","VOUT_MARGIN_HIGH","Write Word","Read Word","2","Preset","VOUT_MARGIN_HIGH","ReadWord","Linear16Vout","TransportReady","Implemented","VOUT_MARGIN_HIGH","Config shadow","HostVisibleShadowOrPlaceholder","HostVisibleOnly","ULINEAR16 high-margin voltage shadow"
"0x26","VOUT_MARGIN_LOW","Write Word","Read Word","2","Preset","VOUT_MARGIN_LOW","ReadWord","Linear16Vout","TransportReady","Implemented","VOUT_MARGIN_LOW","Config shadow","HostVisibleShadowOrPlaceholder","HostVisibleOnly","ULINEAR16 low-margin voltage shadow"
"0x27","VOUT_TRANSITION_RATE","Write Word","Read Word","2","Preset","VOUT_TRANSITION_RATE","ReadWord","Linear11","TransportReady","Implemented","VOUT_TRANSITION_RATE","Config shadow","HostVisibleShadowOrPlaceholder","HostVisibleOnly","LINEAR11 transition-rate shadow"
"0x28","VOUT_DROOP","Write Word","Read Word","2","Preset","VOUT_DROOP","ReadWord","Linear11","TransportReady","Implemented","VOUT_DROOP","Config shadow","HostVisibleShadowOrPlaceholder","HostVisibleOnly","LINEAR11 droop shadow"
"0x29","VOUT_SCALE_LOOP","Write Word","Read Word","2","Preset","VOUT_SCALE_LOOP","ReadWord","Linear11","TransportReady","Implemented","VOUT_SCALE_LOOP","Config shadow","HostVisibleShadowOrPlaceholder","HostVisibleOnly","LINEAR11 loop-scale shadow"
"0x2A","VOUT_SCALE_MONITOR","Write Word","Read Word","2","Preset","VOUT_SCALE_MONITOR","ReadWord","Linear11","TransportReady","Implemented","VOUT_SCALE_MONITOR","Config shadow","HostVisibleShadowOrPlaceholder","HostVisibleOnly","LINEAR11 monitor-scale shadow"
"0x2B","VOUT_MIN","Write Word","Read Word","2","Preset","VOUT_MIN","ReadWord","Linear16Vout","TransportReady","Implemented","VOUT_MIN","Config shadow","HostVisibleShadowOrPlaceholder","HostVisibleOnly","ULINEAR16 minimum output-voltage shadow"
"0x30","COEFFICIENTS","N/A","Block Write-Read Process Call","5","Preset","COEFFICIENTS","BlockWriteReadProcessCall","RawBlock","TransportReady","Implemented","COEFFICIENTS","Config shadow","HostVisibleShadowOrPlaceholder","HostVisibleOnly","Returns fixed 5-byte DIRECT coefficient placeholder; TODO replace if DIRECT-format commands are exposed"
"0x31","POUT_MAX","Write Word","Read Word","2","Preset","POUT_MAX","ReadWord","Linear11","TransportReady","Implemented","POUT_MAX","Config shadow","HostVisibleShadowOrPlaceholder","HostVisibleOnly","LINEAR11 output-power max shadow; TODO bind to CRPS rating/control policy"
"0x32","MAX_DUTY","Write Word","Read Word","2","Preset","MAX_DUTY","ReadWord","Linear11","TransportReady","Implemented","MAX_DUTY","Config shadow","HostVisibleShadowOrPlaceholder","HostVisibleOnly","LINEAR11 duty-cycle max shadow; TODO bind to PWM/control-loop limit"
"0x33","FREQUENCY_SWITCH","Write Word","Read Word","2","Preset","FREQUENCY_SWITCH","ReadWord","Linear11","TransportReady","Implemented","FREQUENCY_SWITCH","Config shadow","HostVisibleShadowOrPlaceholder","HostVisibleOnly","LINEAR11 switching-frequency shadow; TODO bind to power-stage control"
"0x34","POWER_MODE","Write Byte","Read Byte","1","Preset","POWER_MODE","ReadByte","RawByte","TransportReady","Implemented","POWER_MODE","Config shadow","HostVisibleShadowOrPlaceholder","HostVisibleOnly","Power-mode byte shadow; TODO bind to actual power-mode state machine"
"0x35","VIN_ON","Write Word","Read Word","2","Preset","VIN_ON","ReadWord","Linear11","TransportReady","Implemented","VIN_ON","Config shadow","HostVisibleShadowOrPlaceholder","HostVisibleOnly","LINEAR11 VIN-on threshold shadow; TODO bind to startup policy"
"0x36","VIN_OFF","Write Word","Read Word","2","Preset","VIN_OFF","ReadWord","Linear11","TransportReady","Implemented","VIN_OFF","Config shadow","HostVisibleShadowOrPlaceholder","HostVisibleOnly","LINEAR11 VIN-off threshold shadow; TODO bind to shutdown policy"
"0x37","INTERLEAVE","Write Word","Read Word","2","Preset","INTERLEAVE","ReadWord","RawWord","TransportReady","Implemented","INTERLEAVE","Config shadow","HostVisibleShadowOrPlaceholder","HostVisibleOnly","16-bit interleave shadow; TODO bind to phase/interleave implementation if used"
"0x38","IOUT_CAL_GAIN","Write Word","Read Word","2","Preset","IOUT_CAL_GAIN","ReadWord","Linear11","TransportReady","Implemented","IOUT_CAL_GAIN","Config shadow","HostVisibleShadowOrPlaceholder","HostVisibleOnly","LINEAR11 current-sense gain calibration shadow; TODO bind to calibration data"
"0x39","IOUT_CAL_OFFSET","Write Word","Read Word","2","Preset","IOUT_CAL_OFFSET","ReadWord","Linear11","TransportReady","Implemented","IOUT_CAL_OFFSET","Config shadow","HostVisibleShadowOrPlaceholder","HostVisibleOnly","LINEAR11 current-sense offset calibration shadow; TODO bind to calibration data"
"0x3A","FAN_CONFIG_1_2","Write Byte","Read Byte","1","Preset","FAN_CONFIG_1_2","ReadByte","RawByte","TransportReady","Implemented","FAN_CONFIG_1_2","Config shadow","ImplementedBehavior","Documented","Fan control/config byte"
"0x3B","FAN_COMMAND_1","Write Word","Read Word","2","Preset","FAN_COMMAND_1","ReadWord","RawWord","TransportReady","Implemented","FAN_COMMAND_1","Config shadow + Telemetry policy","ImplementedBehavior","Documented","LINEAR11 fan 1 target; target-relative warning/fault heuristic"
"0x3C","FAN_COMMAND_2","Write Word","Read Word","2","Preset","FAN_COMMAND_2","ReadWord","RawWord","TransportReady","Implemented","FAN_COMMAND_2","Config shadow + Telemetry policy","ImplementedBehavior","Documented","LINEAR11 fan 2 target; target-relative warning/fault heuristic"
"0x3D","FAN_CONFIG_3_4","Write Byte","Read Byte","1","Preset","FAN_CONFIG_3_4","ReadByte","RawByte","TransportReady","Implemented","FAN_CONFIG_3_4","Config shadow","HostVisibleShadowOrPlaceholder","HostVisibleOnly","Fan 3/4 config byte shadow; currently not bound to real fan hardware"
"0x3E","FAN_COMMAND_3","Write Word","Read Word","2","Preset","FAN_COMMAND_3","ReadWord","RawWord","TransportReady","Implemented","FAN_COMMAND_3","Config shadow","HostVisibleShadowOrPlaceholder","HostVisibleOnly","Fan 3 command shadow; TODO bind to real fan/PWM path if product uses fan 3"
"0x3F","FAN_COMMAND_4","Write Word","Read Word","2","Preset","FAN_COMMAND_4","ReadWord","RawWord","TransportReady","Implemented","FAN_COMMAND_4","Config shadow","HostVisibleShadowOrPlaceholder","HostVisibleOnly","Fan 4 command shadow; TODO bind to real fan/PWM path if product uses fan 4"
"0x40","VOUT_OV_FAULT_LIMIT","Write Word","Read Word","2","Preset","VOUT_OV_FAULT_LIMIT","ReadWord","Linear16Vout","TransportReady","Implemented","VOUT_OV_FAULT_LIMIT","Config shadow + Telemetry policy","ImplementedBehavior","Documented","ULINEAR16 threshold; auto-sets STATUS_VOUT.VOUT_OV_FAULT"
"0x41","VOUT_OV_FAULT_RESPONSE","Write Byte","Read Byte","1","Preset","VOUT_OV_FAULT_RESPONSE","ReadByte","RawByte","TransportReady","Implemented","VOUT_OV_FAULT_RESPONSE","Config shadow","HostVisibleShadowOrPlaceholder","HostVisibleOnly","Response-policy byte shadow; product shutdown/retry behavior is platform policy"
"0x42","VOUT_OV_WARN_LIMIT","Write Word","Read Word","2","Preset","VOUT_OV_WARN_LIMIT","ReadWord","Linear16Vout","TransportReady","Implemented","VOUT_OV_WARN_LIMIT","Config shadow + Telemetry policy","ImplementedBehavior","Documented","ULINEAR16 threshold; auto-sets STATUS_VOUT.VOUT_OV_WARNING"
"0x43","VOUT_UV_WARN_LIMIT","Write Word","Read Word","2","Preset","VOUT_UV_WARN_LIMIT","ReadWord","Linear16Vout","TransportReady","Implemented","VOUT_UV_WARN_LIMIT","Config shadow + Telemetry policy","ImplementedBehavior","Documented","ULINEAR16 threshold; auto-sets STATUS_VOUT.VOUT_UV_WARNING"
"0x44","VOUT_UV_FAULT_LIMIT","Write Word","Read Word","2","Preset","VOUT_UV_FAULT_LIMIT","ReadWord","Linear16Vout","TransportReady","Implemented","VOUT_UV_FAULT_LIMIT","Config shadow + Telemetry policy","ImplementedBehavior","Documented","ULINEAR16 threshold; auto-sets STATUS_VOUT.VOUT_UV_FAULT"
"0x45","VOUT_UV_FAULT_RESPONSE","Write Byte","Read Byte","1","Preset","VOUT_UV_FAULT_RESPONSE","ReadByte","RawByte","TransportReady","Implemented","VOUT_UV_FAULT_RESPONSE","Config shadow","HostVisibleShadowOrPlaceholder","HostVisibleOnly","Response-policy byte shadow; product shutdown/retry behavior is platform policy"
"0x46","IOUT_OC_FAULT_LIMIT","Write Word","Read Word","2","Preset","IOUT_OC_FAULT_LIMIT","ReadWord","Linear11","TransportReady","Implemented","IOUT_OC_FAULT_LIMIT","Config shadow + Telemetry policy","ImplementedBehavior","Documented","LINEAR11 threshold; auto-sets STATUS_IOUT.IOUT_OC_FAULT"
"0x47","IOUT_OC_FAULT_RESPONSE","Write Byte","Read Byte","1","Preset","IOUT_OC_FAULT_RESPONSE","ReadByte","RawByte","TransportReady","Implemented","IOUT_OC_FAULT_RESPONSE","Config shadow","HostVisibleShadowOrPlaceholder","HostVisibleOnly","Response-policy byte shadow; product shutdown/retry behavior is platform policy"
"0x48","IOUT_OC_LV_FAULT_LIMIT","Write Word","Read Word","2","Preset","IOUT_OC_LV_FAULT_LIMIT","ReadWord","Linear11","TransportReady","Implemented","IOUT_OC_LV_FAULT_LIMIT","Config shadow","HostVisibleShadowOrPlaceholder","HostVisibleOnly","LINEAR11 low-voltage over-current threshold shadow; TODO bind to protection logic"
"0x49","IOUT_OC_LV_FAULT_RESPONSE","Write Byte","Read Byte","1","Preset","IOUT_OC_LV_FAULT_RESPONSE","ReadByte","RawByte","TransportReady","Implemented","IOUT_OC_LV_FAULT_RESPONSE","Config shadow","HostVisibleShadowOrPlaceholder","HostVisibleOnly","Response-policy byte shadow; product shutdown/retry behavior is platform policy"
"0x4A","IOUT_OC_WARN_LIMIT","Write Word","Read Word","2","Preset","IOUT_OC_WARN_LIMIT","ReadWord","Linear11","TransportReady","Implemented","IOUT_OC_WARN_LIMIT","Config shadow + Telemetry policy","ImplementedBehavior","Documented","LINEAR11 threshold; auto-sets STATUS_IOUT.IOUT_OC_WARNING"
"0x4B","IOUT_UC_FAULT_LIMIT","Write Word","Read Word","2","Preset","IOUT_UC_FAULT_LIMIT","ReadWord","Linear11","TransportReady","Implemented","IOUT_UC_FAULT_LIMIT","Config shadow","HostVisibleShadowOrPlaceholder","HostVisibleOnly","LINEAR11 under-current threshold shadow; TODO bind to protection logic"
"0x4C","IOUT_UC_FAULT_RESPONSE","Write Byte","Read Byte","1","Preset","IOUT_UC_FAULT_RESPONSE","ReadByte","RawByte","TransportReady","Implemented","IOUT_UC_FAULT_RESPONSE","Config shadow","HostVisibleShadowOrPlaceholder","HostVisibleOnly","Response-policy byte shadow; product shutdown/retry behavior is platform policy"
"0x4F","OT_FAULT_LIMIT","Write Word","Read Word","2","Preset","OT_FAULT_LIMIT","ReadWord","Linear11","TransportReady","Implemented","OT_FAULT_LIMIT","Config shadow + Telemetry policy","ImplementedBehavior","Documented","LINEAR11 threshold; auto-sets STATUS_TEMPERATURE.OT_FAULT"
"0x50","OT_FAULT_RESPONSE","Write Byte","Read Byte","1","Preset","OT_FAULT_RESPONSE","ReadByte","RawByte","TransportReady","Implemented","OT_FAULT_RESPONSE","Config shadow","HostVisibleShadowOrPlaceholder","HostVisibleOnly","Response-policy byte shadow; product shutdown/retry behavior is platform policy"
"0x51","OT_WARN_LIMIT","Write Word","Read Word","2","Preset","OT_WARN_LIMIT","ReadWord","Linear11","TransportReady","Implemented","OT_WARN_LIMIT","Config shadow + Telemetry policy","ImplementedBehavior","Documented","LINEAR11 threshold; auto-sets STATUS_TEMPERATURE.OT_WARNING"
"0x52","UT_WARN_LIMIT","Write Word","Read Word","2","Preset","UT_WARN_LIMIT","ReadWord","Linear11","TransportReady","Implemented","UT_WARN_LIMIT","Config shadow","HostVisibleShadowOrPlaceholder","HostVisibleOnly","LINEAR11 under-temperature warning threshold shadow; TODO bind to thermal policy"
"0x53","UT_FAULT_LIMIT","Write Word","Read Word","2","Preset","UT_FAULT_LIMIT","ReadWord","Linear11","TransportReady","Implemented","UT_FAULT_LIMIT","Config shadow","HostVisibleShadowOrPlaceholder","HostVisibleOnly","LINEAR11 under-temperature fault threshold shadow; TODO bind to thermal policy"
"0x54","UT_FAULT_RESPONSE","Write Byte","Read Byte","1","Preset","UT_FAULT_RESPONSE","ReadByte","RawByte","TransportReady","Implemented","UT_FAULT_RESPONSE","Config shadow","HostVisibleShadowOrPlaceholder","HostVisibleOnly","Response-policy byte shadow; product shutdown/retry behavior is platform policy"
"0x55","VIN_OV_FAULT_LIMIT","Write Word","Read Word","2","Preset","VIN_OV_FAULT_LIMIT","ReadWord","Linear11","TransportReady","Implemented","VIN_OV_FAULT_LIMIT","Config shadow + Telemetry policy","ImplementedBehavior","Documented","LINEAR11 threshold; auto-sets STATUS_INPUT.VIN_OV_FAULT"
"0x56","VIN_OV_FAULT_RESPONSE","Write Byte","Read Byte","1","Preset","VIN_OV_FAULT_RESPONSE","ReadByte","RawByte","TransportReady","Implemented","VIN_OV_FAULT_RESPONSE","Config shadow","HostVisibleShadowOrPlaceholder","HostVisibleOnly","Response-policy byte shadow; product shutdown/retry behavior is platform policy"
"0x57","VIN_OV_WARN_LIMIT","Write Word","Read Word","2","Preset","VIN_OV_WARN_LIMIT","ReadWord","Linear11","TransportReady","Implemented","VIN_OV_WARN_LIMIT","Config shadow + Telemetry policy","ImplementedBehavior","Documented","LINEAR11 threshold; auto-sets STATUS_INPUT.VIN_OV_WARNING"
"0x58","VIN_UV_WARN_LIMIT","Write Word","Read Word","2","Preset","VIN_UV_WARN_LIMIT","ReadWord","Linear11","TransportReady","Implemented","VIN_UV_WARN_LIMIT","Config shadow + Telemetry policy","ImplementedBehavior","Documented","LINEAR11 threshold; auto-sets STATUS_INPUT.VIN_UV_WARNING"
"0x59","VIN_UV_FAULT_LIMIT","Write Word","Read Word","2","Preset","VIN_UV_FAULT_LIMIT","ReadWord","Linear11","TransportReady","Implemented","VIN_UV_FAULT_LIMIT","Config shadow + Telemetry policy","ImplementedBehavior","Documented","LINEAR11 threshold; auto-sets STATUS_INPUT.VIN_UV_FAULT"
"0x5A","VIN_UV_FAULT_RESPONSE","Write Byte","Read Byte","1","Preset","VIN_UV_FAULT_RESPONSE","ReadByte","RawByte","TransportReady","Implemented","VIN_UV_FAULT_RESPONSE","Config shadow","HostVisibleShadowOrPlaceholder","HostVisibleOnly","Response-policy byte shadow; product shutdown/retry behavior is platform policy"
"0x5B","IIN_OC_FAULT_LIMIT","Write Word","Read Word","2","Preset","IIN_OC_FAULT_LIMIT","ReadWord","Linear11","TransportReady","Implemented","IIN_OC_FAULT_LIMIT","Config shadow + Telemetry policy","ImplementedBehavior","Documented","LINEAR11 threshold; auto-sets STATUS_INPUT.IIN_OC_FAULT"
"0x5C","IIN_OC_FAULT_RESPONSE","Write Byte","Read Byte","1","Preset","IIN_OC_FAULT_RESPONSE","ReadByte","RawByte","TransportReady","Implemented","IIN_OC_FAULT_RESPONSE","Config shadow","HostVisibleShadowOrPlaceholder","HostVisibleOnly","Response-policy byte shadow; product shutdown/retry behavior is platform policy"
"0x5D","IIN_OC_WARN_LIMIT","Write Word","Read Word","2","Preset","IIN_OC_WARN_LIMIT","ReadWord","Linear11","TransportReady","Implemented","IIN_OC_WARN_LIMIT","Config shadow + Telemetry policy","ImplementedBehavior","Documented","LINEAR11 threshold; auto-sets STATUS_INPUT.IIN_OC_WARNING"
"0x5E","POWER_GOOD_ON","Write Word","Read Word","2","Preset","POWER_GOOD_ON","ReadWord","Linear16Vout","TransportReady","Implemented","POWER_GOOD_ON","Config shadow","HostVisibleShadowOrPlaceholder","HostVisibleOnly","ULINEAR16 power-good assert threshold shadow; TODO bind to PG logic"
"0x5F","POWER_GOOD_OFF","Write Word","Read Word","2","Preset","POWER_GOOD_OFF","ReadWord","Linear16Vout","TransportReady","Implemented","POWER_GOOD_OFF","Config shadow","HostVisibleShadowOrPlaceholder","HostVisibleOnly","ULINEAR16 power-good deassert threshold shadow; TODO bind to PG logic"
"0x60","TON_DELAY","Write Word","Read Word","2","Preset","TON_DELAY","ReadWord","Linear11","TransportReady","Implemented","TON_DELAY","Config shadow","HostVisibleShadowOrPlaceholder","HostVisibleOnly","LINEAR11 turn-on delay shadow; TODO bind to sequencer timing"
"0x61","TON_RISE","Write Word","Read Word","2","Preset","TON_RISE","ReadWord","Linear11","TransportReady","Implemented","TON_RISE","Config shadow","HostVisibleShadowOrPlaceholder","HostVisibleOnly","LINEAR11 turn-on rise-time shadow; TODO bind to sequencer timing"
"0x62","TON_MAX_FAULT_LIMIT","Write Word","Read Word","2","Preset","TON_MAX_FAULT_LIMIT","ReadWord","Linear11","TransportReady","Implemented","TON_MAX_FAULT_LIMIT","Config shadow","HostVisibleShadowOrPlaceholder","HostVisibleOnly","LINEAR11 turn-on max fault limit shadow; TODO bind to startup fault detection"
"0x63","TON_MAX_FAULT_RESPONSE","Write Byte","Read Byte","1","Preset","TON_MAX_FAULT_RESPONSE","ReadByte","RawByte","TransportReady","Implemented","TON_MAX_FAULT_RESPONSE","Config shadow","HostVisibleShadowOrPlaceholder","HostVisibleOnly","Response-policy byte shadow; product startup retry behavior is platform policy"
"0x64","TOFF_DELAY","Write Word","Read Word","2","Preset","TOFF_DELAY","ReadWord","Linear11","TransportReady","Implemented","TOFF_DELAY","Config shadow","HostVisibleShadowOrPlaceholder","HostVisibleOnly","LINEAR11 turn-off delay shadow; TODO bind to sequencer timing"
"0x65","TOFF_FALL","Write Word","Read Word","2","Preset","TOFF_FALL","ReadWord","Linear11","TransportReady","Implemented","TOFF_FALL","Config shadow","HostVisibleShadowOrPlaceholder","HostVisibleOnly","LINEAR11 turn-off fall-time shadow; TODO bind to sequencer timing"
"0x66","TOFF_MAX_WARN_LIMIT","Write Word","Read Word","2","Preset","TOFF_MAX_WARN_LIMIT","ReadWord","Linear11","TransportReady","Implemented","TOFF_MAX_WARN_LIMIT","Config shadow","HostVisibleShadowOrPlaceholder","HostVisibleOnly","LINEAR11 turn-off warning limit shadow; TODO bind to shutdown monitoring"
"0x68","POUT_OP_FAULT_LIMIT","Write Word","Read Word","2","Preset","POUT_OP_FAULT_LIMIT","ReadWord","Linear11","TransportReady","Implemented","POUT_OP_FAULT_LIMIT","Config shadow","HostVisibleShadowOrPlaceholder","HostVisibleOnly","LINEAR11 output overpower fault threshold shadow; TODO bind to power-limit policy"
"0x69","POUT_OP_FAULT_RESPONSE","Write Byte","Read Byte","1","Preset","POUT_OP_FAULT_RESPONSE","ReadByte","RawByte","TransportReady","Implemented","POUT_OP_FAULT_RESPONSE","Config shadow","HostVisibleShadowOrPlaceholder","HostVisibleOnly","Response-policy byte shadow; product power-limit retry behavior is platform policy"
"0x6A","POUT_OP_WARN_LIMIT","Write Word","Read Word","2","Preset","POUT_OP_WARN_LIMIT","ReadWord","Linear11","TransportReady","Implemented","POUT_OP_WARN_LIMIT","Config shadow","HostVisibleShadowOrPlaceholder","HostVisibleOnly","LINEAR11 output overpower warning threshold shadow; TODO bind to power-limit policy"
"0x6B","PIN_OP_WARN_LIMIT","Write Word","Read Word","2","Preset","PIN_OP_WARN_LIMIT","ReadWord","Linear11","TransportReady","Implemented","PIN_OP_WARN_LIMIT","Config shadow","HostVisibleShadowOrPlaceholder","HostVisibleOnly","LINEAR11 input overpower warning threshold shadow; TODO bind to power-limit policy"
"0x78","STATUS_BYTE","Write Byte","Read Byte","1","Preset","STATUS_BYTE","ReadByte","StatusByte","TransportReady","Implemented","STATUS_BYTE","Status shadow","ImplementedBehavior","Documented","PMBus summary byte"
"0x79","STATUS_WORD","Write Word","Read Word","2","Preset","STATUS_WORD","ReadWord","StatusWord","TransportReady","Implemented","STATUS_WORD","Status shadow","ImplementedBehavior","Documented","PMBus summary word; low byte includes STATUS_BYTE"
"0x7A","STATUS_VOUT","Write Byte","Read Byte","1","Preset","STATUS_VOUT","ReadByte","RawByte","TransportReady","Implemented","STATUS_VOUT","Status shadow","ImplementedBehavior","Documented","VOUT warning/fault bits"
"0x7B","STATUS_IOUT","Write Byte","Read Byte","1","Preset","STATUS_IOUT","ReadByte","RawByte","TransportReady","Implemented","STATUS_IOUT","Status shadow","ImplementedBehavior","Documented","IOUT/POUT warning/fault bits"
"0x7C","STATUS_INPUT","Write Byte","Read Byte","1","Preset","STATUS_INPUT","ReadByte","RawByte","TransportReady","Implemented","STATUS_INPUT","Status shadow","ImplementedBehavior","Documented","VIN/IIN/PIN warning/fault bits"
"0x7D","STATUS_TEMPERATURE","Write Byte","Read Byte","1","Preset","STATUS_TEMPERATURE","ReadByte","RawByte","TransportReady","Implemented","STATUS_TEMPERATURE","Status shadow","ImplementedBehavior","Documented","OT/UT warning/fault bits"
"0x7E","STATUS_CML","Write Byte","Read Byte","1","Preset","STATUS_CML","ReadByte","RawByte","TransportReady","Implemented","STATUS_CML","Status shadow","ImplementedBehavior","Documented","Communication/memory/logic fault bits"
"0x7F","STATUS_OTHER","Write Byte","Read Byte","1","Preset","STATUS_OTHER","ReadByte","RawByte","TransportReady","Implemented","STATUS_OTHER","Status shadow","ImplementedBehavior","Documented","ORing/fuse/alert-origin fault bits"
"0x80","STATUS_MFR_SPECIFIC","Write Byte","Read Byte","1","Preset","STATUS_MFR_SPECIFIC","ReadByte","RawByte","TransportReady","Implemented","STATUS_MFR_SPECIFIC","Status shadow","ImplementedBehavior","Documented","Manufacturer-specific fault summary byte"
"0x81","STATUS_FANS_1_2","Write Byte","Read Byte","1","Preset","STATUS_FANS_1_2","ReadByte","RawByte","TransportReady","Implemented","STATUS_FANS_1_2","Status shadow","ImplementedBehavior","Documented","Fan warning/fault bits"
"0x82","STATUS_FANS_3_4","Write Byte","Read Byte","1","Preset","STATUS_FANS_3_4","ReadByte","RawByte","TransportReady","Implemented","STATUS_FANS_3_4","Status shadow","HostVisibleShadowOrPlaceholder","HostVisibleOnly","Fixed zero placeholder for fan 3/4 not-present. TODO: bind if product has fan 3/4"
"0x83","READ_KWH_IN","N/A","Read 32","4","Preset","READ_KWH_IN","Read32","RawDword","TransportReady","Implemented","READ_KWH_IN","Telemetry shadow","HostVisibleShadowOrPlaceholder","HostVisibleOnly","Fixed zero 32-bit placeholder. TODO: bind to input energy accumulator"
"0x84","READ_KWH_OUT","N/A","Read 32","4","Preset","READ_KWH_OUT","Read32","RawDword","TransportReady","Implemented","READ_KWH_OUT","Telemetry shadow","HostVisibleShadowOrPlaceholder","HostVisibleOnly","Fixed zero 32-bit placeholder. TODO: bind to output energy accumulator"
"0x85","READ_KWH_CONFIG","Write Word","Read Word","2","Preset","READ_KWH_CONFIG","ReadWord","RawWord","TransportReady","Implemented","READ_KWH_CONFIG","Telemetry shadow","HostVisibleShadowOrPlaceholder","HostVisibleOnly","Fixed zero configuration placeholder. TODO: define energy counter rollover/persistence policy"
"0x86","READ_EIN","N/A","Block Read","5","Preset","READ_EIN","BlockRead","RawBlock","TransportReady","Implemented","READ_EIN","Telemetry shadow","ImplementedBehavior","Documented","6-byte energy/sample-count payload"
"0x87","READ_EOUT","N/A","Block Read","5","Preset","READ_EOUT","BlockRead","RawBlock","TransportReady","Implemented","READ_EOUT","Telemetry shadow","ImplementedBehavior","Documented","6-byte energy/sample-count payload"
"0x88","READ_VIN","N/A","Read Word","2","Preset","READ_VIN","ReadWord","Linear11","TransportReady","Implemented","READ_VIN","Telemetry shadow","ImplementedBehavior","Documented","LINEAR11 encoded VIN"
"0x89","READ_IIN","N/A","Read Word","2","Preset","READ_IIN","ReadWord","Linear11","TransportReady","Implemented","READ_IIN","Telemetry shadow","ImplementedBehavior","Documented","LINEAR11 encoded IIN"
"0x8A","READ_VCAP","N/A","Read Word","2","Preset","READ_VCAP","ReadWord","Linear11","TransportReady","Implemented","READ_VCAP","Telemetry shadow","HostVisibleShadowOrPlaceholder","HostVisibleOnly","Mirrors VIN placeholder. TODO: bind to hold-up/bulk capacitor measurement if available"
"0x8B","READ_VOUT","N/A","Read Word","2","Preset","READ_VOUT","ReadWord","Linear16Vout","TransportReady","Implemented","READ_VOUT","Telemetry shadow","ImplementedBehavior","Documented","ULINEAR16 encoded VOUT"
"0x8C","READ_IOUT","N/A","Read Word","2","Preset","READ_IOUT","ReadWord","Linear11","TransportReady","Implemented","READ_IOUT","Telemetry shadow","ImplementedBehavior","Documented","LINEAR11 encoded IOUT"
"0x8D","READ_TEMPERATURE_1","N/A","Read Word","2","Preset","READ_TEMPERATURE_1","ReadWord","Linear11","TransportReady","Implemented","READ_TEMPERATURE_1","Telemetry shadow","ImplementedBehavior","Documented","LINEAR11 encoded temperature 1"
"0x8E","READ_TEMPERATURE_2","N/A","Read Word","2","Preset","READ_TEMPERATURE_2","ReadWord","Linear11","TransportReady","Implemented","READ_TEMPERATURE_2","Telemetry shadow","ImplementedBehavior","Documented","LINEAR11 encoded temperature 2"
"0x8F","READ_TEMPERATURE_3","N/A","Read Word","2","Preset","READ_TEMPERATURE_3","ReadWord","Linear11","TransportReady","Implemented","READ_TEMPERATURE_3","Telemetry shadow","ImplementedBehavior","Documented","LINEAR11 encoded temperature 3"
"0x90","READ_FAN_SPEED_1","N/A","Read Word","2","Preset","READ_FAN_SPEED_1","ReadWord","RawWord","TransportReady","Implemented","READ_FAN_SPEED_1","Telemetry shadow","ImplementedBehavior","Documented","LINEAR11 encoded fan 1 RPM"
"0x91","READ_FAN_SPEED_2","N/A","Read Word","2","Preset","READ_FAN_SPEED_2","ReadWord","RawWord","TransportReady","Implemented","READ_FAN_SPEED_2","Telemetry shadow","ImplementedBehavior","Documented","LINEAR11 encoded fan 2 RPM"
"0x92","READ_FAN_SPEED_3","N/A","Read Word","2","Preset","READ_FAN_SPEED_3","ReadWord","RawWord","TransportReady","Implemented","READ_FAN_SPEED_3","Telemetry shadow","HostVisibleShadowOrPlaceholder","HostVisibleOnly","Fixed zero placeholder. TODO: bind if product has fan 3"
"0x93","READ_FAN_SPEED_4","N/A","Read Word","2","Preset","READ_FAN_SPEED_4","ReadWord","RawWord","TransportReady","Implemented","READ_FAN_SPEED_4","Telemetry shadow","HostVisibleShadowOrPlaceholder","HostVisibleOnly","Fixed zero placeholder. TODO: bind if product has fan 4"
"0x94","READ_DUTY_CYCLE","N/A","Read Word","2","Preset","READ_DUTY_CYCLE","ReadWord","Linear11","TransportReady","Implemented","READ_DUTY_CYCLE","Telemetry shadow","HostVisibleShadowOrPlaceholder","HostVisibleOnly","Fixed zero placeholder. TODO: bind to PWM/control-loop duty reporting"
"0x95","READ_FREQUENCY","N/A","Read Word","2","Preset","READ_FREQUENCY","ReadWord","Linear11","TransportReady","Implemented","READ_FREQUENCY","Telemetry shadow","HostVisibleShadowOrPlaceholder","HostVisibleOnly","Mirrors FREQUENCY_SWITCH shadow. TODO: bind to real switching-frequency telemetry"
"0x96","READ_POUT","N/A","Read Word","2","Preset","READ_POUT","ReadWord","Linear11","TransportReady","Implemented","READ_POUT","Telemetry shadow","ImplementedBehavior","Documented","LINEAR11 encoded output power"
"0x97","READ_PIN","N/A","Read Word","2","Preset","READ_PIN","ReadWord","Linear11","TransportReady","Implemented","READ_PIN","Telemetry shadow","ImplementedBehavior","Documented","LINEAR11 encoded input power"
"0x98","PMBUS_REVISION","N/A","Read Byte","1","Preset","PMBUS_REVISION","ReadByte","PmbusRevision","TransportReady","Implemented","PMBUS_REVISION","Config shadow","ImplementedBehavior","Documented","Fixed 0x33 for PMBus 1.3"
"0x99","MFR_ID","Block Write","Block Read","Variable","Preset","MFR_ID","BlockRead","BlockAscii","TransportReady","Implemented","MFR_ID","Vendor shadow","ImplementedBehavior","Documented","ASCII block string"
"0x9A","MFR_MODEL","Block Write","Block Read","Variable","Preset","MFR_MODEL","BlockRead","BlockAscii","TransportReady","Implemented","MFR_MODEL","Vendor shadow","ImplementedBehavior","Documented","ASCII block string"
"0x9B","MFR_REVISION","Block Write","Block Read","Variable","Preset","MFR_REVISION","BlockRead","BlockAscii","TransportReady","Implemented","MFR_REVISION","Vendor shadow","ImplementedBehavior","Documented","ASCII block string"
"0x9C","MFR_LOCATION","Block Write","Block Read","Variable","Preset","MFR_LOCATION","BlockRead","BlockAscii","TransportReady","Implemented","MFR_LOCATION","Vendor shadow","HostVisibleShadowOrPlaceholder","HostVisibleOnly","ASCII placeholder. TODO: bind to manufacturing/site data"
"0x9D","MFR_DATE","Block Write","Block Read","Variable","Preset","MFR_DATE","BlockRead","BlockAscii","TransportReady","Implemented","MFR_DATE","Vendor shadow","HostVisibleShadowOrPlaceholder","HostVisibleOnly","ASCII placeholder. TODO: bind to manufacturing date data"
"0x9E","MFR_SERIAL","Block Write","Block Read","Variable","Preset","MFR_SERIAL","BlockRead","BlockAscii","TransportReady","Implemented","MFR_SERIAL","Vendor shadow","ImplementedBehavior","Documented","ASCII block string"
"0x9F","APP_PROFILE_SUPPORT","N/A","Block Read","Variable","Preset","APP_PROFILE_SUPPORT","BlockRead","AppProfileSupport","TransportReady","Implemented","APP_PROFILE_SUPPORT","Vendor shadow","HostVisibleShadowOrPlaceholder","HostVisibleOnly","Fixed Server AC-DC profile placeholder. TODO: publish only product-validated profiles"
"0xA0","MFR_VIN_MIN","N/A","Read Word","2","Preset","MFR_VIN_MIN","ReadWord","Linear11","TransportReady","Implemented","MFR_VIN_MIN","Vendor shadow","HostVisibleShadowOrPlaceholder","HostVisibleOnly","Mirrors VIN-on threshold placeholder. TODO: bind to SKU rating"
"0xA1","MFR_VIN_MAX","N/A","Read Word","2","Preset","MFR_VIN_MAX","ReadWord","Linear11","TransportReady","Implemented","MFR_VIN_MAX","Vendor shadow","HostVisibleShadowOrPlaceholder","HostVisibleOnly","Mirrors VIN OV fault limit placeholder. TODO: bind to SKU rating"
"0xA2","MFR_IIN_MAX","N/A","Read Word","2","Preset","MFR_IIN_MAX","ReadWord","Linear11","TransportReady","Implemented","MFR_IIN_MAX","Vendor shadow","HostVisibleShadowOrPlaceholder","HostVisibleOnly","Mirrors IIN OC fault limit placeholder. TODO: bind to SKU rating"
"0xA3","MFR_PIN_MAX","N/A","Read Word","2","Preset","MFR_PIN_MAX","ReadWord","Linear11","TransportReady","Implemented","MFR_PIN_MAX","Vendor shadow","HostVisibleShadowOrPlaceholder","HostVisibleOnly","Mirrors PIN OP warn limit placeholder. TODO: bind to SKU rating"
"0xA4","MFR_VOUT_MIN","N/A","Read Word","2","Preset","MFR_VOUT_MIN","ReadWord","Linear16Vout","TransportReady","Implemented","MFR_VOUT_MIN","Vendor shadow","HostVisibleShadowOrPlaceholder","HostVisibleOnly","Mirrors VOUT_MIN shadow. TODO: bind to SKU rating"
"0xA5","MFR_VOUT_MAX","N/A","Read Word","2","Preset","MFR_VOUT_MAX","ReadWord","Linear16Vout","TransportReady","Implemented","MFR_VOUT_MAX","Vendor shadow","HostVisibleShadowOrPlaceholder","HostVisibleOnly","Mirrors VOUT_MAX shadow. TODO: bind to SKU rating"
"0xA6","MFR_IOUT_MAX","N/A","Read Word","2","Preset","MFR_IOUT_MAX","ReadWord","Linear11","TransportReady","Implemented","MFR_IOUT_MAX","Vendor shadow","HostVisibleShadowOrPlaceholder","HostVisibleOnly","Mirrors IOUT OC fault limit placeholder. TODO: bind to SKU rating"
"0xA7","MFR_POUT_MAX","N/A","Read Word","2","Preset","MFR_POUT_MAX","ReadWord","Linear11","TransportReady","Implemented","MFR_POUT_MAX","Vendor shadow","HostVisibleShadowOrPlaceholder","HostVisibleOnly","Mirrors POUT_MAX shadow. TODO: bind to SKU rating"
"0xA8","MFR_TAMBIENT_MAX","N/A","Read Word","2","Preset","MFR_TAMBIENT_MAX","ReadWord","Linear11","TransportReady","Implemented","MFR_TAMBIENT_MAX","Vendor shadow","HostVisibleShadowOrPlaceholder","HostVisibleOnly","Mirrors OT fault limit placeholder. TODO: bind to SKU rating"
"0xA9","MFR_TAMBIENT_MIN","N/A","Read Word","2","Preset","MFR_TAMBIENT_MIN","ReadWord","Linear11","TransportReady","Implemented","MFR_TAMBIENT_MIN","Vendor shadow","HostVisibleShadowOrPlaceholder","HostVisibleOnly","Mirrors UT fault limit placeholder. TODO: bind to SKU rating"
"0xAA","MFR_EFFICIENCY_LL","N/A","Block Read","14","Preset","MFR_EFFICIENCY_LL","BlockRead","RawBlock","TransportReady","Implemented","MFR_EFFICIENCY_LL","Vendor shadow","HostVisibleShadowOrPlaceholder","HostVisibleOnly","Fixed raw efficiency-table placeholder. TODO: bind to qualified efficiency table"
"0xAB","MFR_EFFICIENCY_HL","N/A","Block Read","14","Preset","MFR_EFFICIENCY_HL","BlockRead","RawBlock","TransportReady","Implemented","MFR_EFFICIENCY_HL","Vendor shadow","HostVisibleShadowOrPlaceholder","HostVisibleOnly","Fixed raw efficiency-table placeholder. TODO: bind to qualified efficiency table"
"0xAC","MFR_PIN_ACCURACY","N/A","Read Byte","1","Preset","MFR_PIN_ACCURACY","ReadByte","Percent0p1","TransportReady","Implemented","MFR_PIN_ACCURACY","Vendor shadow","HostVisibleShadowOrPlaceholder","HostVisibleOnly","Fixed 5.0% placeholder encoded as 0.1% units. TODO: bind to measurement accuracy spec"
"0xAD","IC_DEVICE_ID","N/A","Block Read","Variable","Preset","IC_DEVICE_ID","BlockRead","BlockAscii","TransportReady","Implemented","IC_DEVICE_ID","Vendor shadow","HostVisibleShadowOrPlaceholder","HostVisibleOnly","ASCII device-ID placeholder. TODO: bind to silicon/product identity"
"0xAE","IC_DEVICE_REV","N/A","Block Read","Variable","Preset","IC_DEVICE_REV","BlockRead","BlockAscii","TransportReady","Implemented","IC_DEVICE_REV","Vendor shadow","HostVisibleShadowOrPlaceholder","HostVisibleOnly","ASCII device-revision placeholder. TODO: bind to silicon/product revision"
"0xB0","USER_DATA_00","Block Write","Block Read","Variable","Preset","USER_DATA_00","BlockRead","RawBlock","TransportReady","Implemented","USER_DATA_00","Volatile M-CRPS USER_DATA block shadow","HostVisibleShadowOrPlaceholder","HostVisibleOnly","M-CRPS USER_DATA block. Volatile bounded shadow in reference firmware; TODO bind placeholder value to final M-CRPS product data source before production release."
"0xB1","USER_DATA_01","Block Write","Block Read","Variable","Preset","USER_DATA_01","BlockRead","RawBlock","TransportReady","Implemented","USER_DATA_01","Volatile M-CRPS USER_DATA block shadow","HostVisibleShadowOrPlaceholder","HostVisibleOnly","M-CRPS USER_DATA block. Volatile bounded shadow in reference firmware; TODO bind placeholder value to final M-CRPS product data source before production release."
"0xB2","USER_DATA_02","Block Write","Block Read","Variable","Preset","USER_DATA_02","BlockRead","RawBlock","TransportReady","Implemented","USER_DATA_02","Volatile M-CRPS USER_DATA block shadow","HostVisibleShadowOrPlaceholder","HostVisibleOnly","M-CRPS USER_DATA block. Volatile bounded shadow in reference firmware; TODO bind placeholder value to final M-CRPS product data source before production release."
"0xB3","MFR_EFFICIENCY_DATA","N/A","Block Read","Variable","Preset","MFR_EFFICIENCY_DATA","BlockRead","RawBlock","TransportReady","Implemented","MFR_EFFICIENCY_DATA","M-CRPS efficiency data placeholder","HostVisibleShadowOrPlaceholder","HostVisibleOnly","M-CRPS efficiency curve/data block. Reference firmware returns fixed placeholder bytes; TODO bind placeholder value to final M-CRPS product data source before production release."
"0xB4","USER_DATA_04","Block Write","Block Read","Variable","Preset","USER_DATA_04","BlockRead","RawBlock","TransportReady","Implemented","USER_DATA_04","Volatile M-CRPS USER_DATA block shadow","HostVisibleShadowOrPlaceholder","HostVisibleOnly","M-CRPS USER_DATA block. Volatile bounded shadow in reference firmware; TODO bind placeholder value to final M-CRPS product data source before production release."
"0xB5","USER_DATA_05","Block Write","Block Read","Variable","RangePreset","USER_DATA_05","BlockRead","RawBlock","TransportReady","Implemented","USER_DATA_05","Volatile CRPS USER_DATA block shadow","HostVisibleShadowOrPlaceholder","HostVisibleOnly","CRPS policy: volatile 16-byte USER_DATA block scratchpad, reset on power cycle; TODO bind to NVM/product owner if persistent user data is required."
"0xB6","USER_DATA_06","Block Write","Block Read","Variable","RangePreset","USER_DATA_06","BlockRead","RawBlock","TransportReady","Implemented","USER_DATA_06","Volatile CRPS USER_DATA block shadow","HostVisibleShadowOrPlaceholder","HostVisibleOnly","CRPS policy: volatile 16-byte USER_DATA block scratchpad, reset on power cycle; TODO bind to NVM/product owner if persistent user data is required."
"0xB7","USER_DATA_07","Block Write","Block Read","Variable","RangePreset","USER_DATA_07","BlockRead","RawBlock","TransportReady","Implemented","USER_DATA_07","Volatile CRPS USER_DATA block shadow","HostVisibleShadowOrPlaceholder","HostVisibleOnly","CRPS policy: volatile 16-byte USER_DATA block scratchpad, reset on power cycle; TODO bind to NVM/product owner if persistent user data is required."
"0xB8","USER_DATA_08","Block Write","Block Read","Variable","Preset","USER_DATA_08","BlockRead","RawBlock","TransportReady","Implemented","USER_DATA_08","Volatile M-CRPS USER_DATA block shadow","HostVisibleShadowOrPlaceholder","HostVisibleOnly","M-CRPS USER_DATA block. Volatile bounded shadow in reference firmware; TODO bind placeholder value to final M-CRPS product data source before production release."
"0xB9","USER_DATA_09","Block Write","Block Read","Variable","RangePreset","USER_DATA_09","BlockRead","RawBlock","TransportReady","Implemented","USER_DATA_09","Volatile CRPS USER_DATA block shadow","HostVisibleShadowOrPlaceholder","HostVisibleOnly","CRPS policy: volatile 16-byte USER_DATA block scratchpad, reset on power cycle; TODO bind to NVM/product owner if persistent user data is required."
"0xBA","USER_DATA_10","Block Write","Block Read","Variable","RangePreset","USER_DATA_10","BlockRead","RawBlock","TransportReady","Implemented","USER_DATA_10","Volatile CRPS USER_DATA block shadow","HostVisibleShadowOrPlaceholder","HostVisibleOnly","CRPS policy: volatile 16-byte USER_DATA block scratchpad, reset on power cycle; TODO bind to NVM/product owner if persistent user data is required."
"0xBB","USER_DATA_11","Block Write","Block Read","Variable","RangePreset","USER_DATA_11","BlockRead","RawBlock","TransportReady","Implemented","USER_DATA_11","Volatile CRPS USER_DATA block shadow","HostVisibleShadowOrPlaceholder","HostVisibleOnly","CRPS policy: volatile 16-byte USER_DATA block scratchpad, reset on power cycle; TODO bind to NVM/product owner if persistent user data is required."
"0xBC","USER_DATA_12","Block Write","Block Read","Variable","RangePreset","USER_DATA_12","BlockRead","RawBlock","TransportReady","Implemented","USER_DATA_12","Volatile CRPS USER_DATA block shadow","HostVisibleShadowOrPlaceholder","HostVisibleOnly","CRPS policy: volatile 16-byte USER_DATA block scratchpad, reset on power cycle; TODO bind to NVM/product owner if persistent user data is required."
"0xBD","USER_DATA_13","Block Write","Block Read","Variable","RangePreset","USER_DATA_13","BlockRead","RawBlock","TransportReady","Implemented","USER_DATA_13","Volatile CRPS USER_DATA block shadow","HostVisibleShadowOrPlaceholder","HostVisibleOnly","CRPS policy: volatile 16-byte USER_DATA block scratchpad, reset on power cycle; TODO bind to NVM/product owner if persistent user data is required."
"0xBE","USER_DATA_14","Block Write","Block Read","Variable","RangePreset","USER_DATA_14","BlockRead","RawBlock","TransportReady","Implemented","USER_DATA_14","Volatile CRPS USER_DATA block shadow","HostVisibleShadowOrPlaceholder","HostVisibleOnly","CRPS policy: volatile 16-byte USER_DATA block scratchpad, reset on power cycle; TODO bind to NVM/product owner if persistent user data is required."
"0xBF","USER_DATA_15","Block Write","Block Read","Variable","RangePreset","USER_DATA_15","BlockRead","RawBlock","TransportReady","Implemented","USER_DATA_15","Volatile CRPS USER_DATA block shadow","HostVisibleShadowOrPlaceholder","HostVisibleOnly","CRPS policy: volatile 16-byte USER_DATA block scratchpad, reset on power cycle; TODO bind to NVM/product owner if persistent user data is required."
"0xC0","MFR_MAX_TEMP_1","N/A","Read Word","2","Preset","MFR_MAX_TEMP_1","ReadWord","Linear11","TransportReady","Implemented","MFR_MAX_TEMP_1","M-CRPS ambient maximum temperature placeholder","HostVisibleShadowOrPlaceholder","HostVisibleOnly","M-CRPS ambient maximum temperature. Reference firmware returns fixed LINEAR11 value; TODO bind placeholder value to final M-CRPS product data source before production release."
"0xC1","MFR_MAX_TEMP_2","N/A","Read Word","2","Preset","MFR_MAX_TEMP_2","ReadWord","Linear11","TransportReady","Implemented","MFR_MAX_TEMP_2","M-CRPS hot-spot maximum temperature placeholder","HostVisibleShadowOrPlaceholder","HostVisibleOnly","M-CRPS hot-spot maximum temperature. Reference firmware returns fixed LINEAR11 value; TODO bind placeholder value to final M-CRPS product data source before production release."
"0xC2","MFR_MAX_TEMP_3","N/A","Read Word","2","Preset","MFR_MAX_TEMP_3","ReadWord","Linear11","TransportReady","Implemented","MFR_MAX_TEMP_3","M-CRPS maximum temperature 3 placeholder","HostVisibleShadowOrPlaceholder","HostVisibleOnly","M-CRPS maximum temperature 3. Reference firmware returns fixed LINEAR11 value; TODO bind placeholder value to final M-CRPS product data source before production release."
"0xC4","MFR_SPECIFIC_C4","Mfr Defined","Mfr Defined","Mfr Defined","RangePreset","MFR_SPECIFIC_C4","BlockRead","RawBlock","TransportReady","Implemented","MFR_SPECIFIC_C4","Volatile CRPS MFR_SPECIFIC block shadow","HostVisibleShadowOrPlaceholder","HostVisibleOnly","CRPS policy: unassigned MFR_SPECIFIC command uses volatile 16-byte block scratchpad; TODO assign owner/version/access before production-specific use."
"0xC5","MFR_SPECIFIC_C5","Mfr Defined","Mfr Defined","Mfr Defined","RangePreset","MFR_SPECIFIC_C5","BlockRead","RawBlock","TransportReady","Implemented","MFR_SPECIFIC_C5","Volatile CRPS MFR_SPECIFIC block shadow","HostVisibleShadowOrPlaceholder","HostVisibleOnly","CRPS policy: unassigned MFR_SPECIFIC command uses volatile 16-byte block scratchpad; TODO assign owner/version/access before production-specific use."
"0xC6","MFR_SPECIFIC_C6","Mfr Defined","Mfr Defined","Mfr Defined","RangePreset","MFR_SPECIFIC_C6","BlockRead","RawBlock","TransportReady","Implemented","MFR_SPECIFIC_C6","Volatile CRPS MFR_SPECIFIC block shadow","HostVisibleShadowOrPlaceholder","HostVisibleOnly","CRPS policy: unassigned MFR_SPECIFIC command uses volatile 16-byte block scratchpad; TODO assign owner/version/access before production-specific use."
"0xC7","MFR_SPECIFIC_C7","Mfr Defined","Mfr Defined","Mfr Defined","RangePreset","MFR_SPECIFIC_C7","BlockRead","RawBlock","TransportReady","Implemented","MFR_SPECIFIC_C7","Volatile CRPS MFR_SPECIFIC block shadow","HostVisibleShadowOrPlaceholder","HostVisibleOnly","CRPS policy: unassigned MFR_SPECIFIC command uses volatile 16-byte block scratchpad; TODO assign owner/version/access before production-specific use."
"0xC8","MFR_SPECIFIC_C8","Mfr Defined","Mfr Defined","Mfr Defined","RangePreset","MFR_SPECIFIC_C8","BlockRead","RawBlock","TransportReady","Implemented","MFR_SPECIFIC_C8","Volatile CRPS MFR_SPECIFIC block shadow","HostVisibleShadowOrPlaceholder","HostVisibleOnly","CRPS policy: unassigned MFR_SPECIFIC command uses volatile 16-byte block scratchpad; TODO assign owner/version/access before production-specific use."
"0xC9","MFR_SPECIFIC_C9","Mfr Defined","Mfr Defined","Mfr Defined","RangePreset","MFR_SPECIFIC_C9","BlockRead","RawBlock","TransportReady","Implemented","MFR_SPECIFIC_C9","Volatile CRPS MFR_SPECIFIC block shadow","HostVisibleShadowOrPlaceholder","HostVisibleOnly","CRPS policy: unassigned MFR_SPECIFIC command uses volatile 16-byte block scratchpad; TODO assign owner/version/access before production-specific use."
"0xCA","MFR_SPECIFIC_CA","Mfr Defined","Mfr Defined","Mfr Defined","RangePreset","MFR_SPECIFIC_CA","BlockRead","RawBlock","TransportReady","Implemented","MFR_SPECIFIC_CA","Volatile CRPS MFR_SPECIFIC block shadow","HostVisibleShadowOrPlaceholder","HostVisibleOnly","CRPS policy: unassigned MFR_SPECIFIC command uses volatile 16-byte block scratchpad; TODO assign owner/version/access before production-specific use."
"0xCB","MFR_SPECIFIC_CB","Mfr Defined","Mfr Defined","Mfr Defined","RangePreset","MFR_SPECIFIC_CB","BlockRead","RawBlock","TransportReady","Implemented","MFR_SPECIFIC_CB","Volatile CRPS MFR_SPECIFIC block shadow","HostVisibleShadowOrPlaceholder","HostVisibleOnly","CRPS policy: unassigned MFR_SPECIFIC command uses volatile 16-byte block scratchpad; TODO assign owner/version/access before production-specific use."
"0xCC","MFR_SPECIFIC_CC","Mfr Defined","Mfr Defined","Mfr Defined","RangePreset","MFR_SPECIFIC_CC","BlockRead","RawBlock","TransportReady","Implemented","MFR_SPECIFIC_CC","Volatile CRPS MFR_SPECIFIC block shadow","HostVisibleShadowOrPlaceholder","HostVisibleOnly","CRPS policy: unassigned MFR_SPECIFIC command uses volatile 16-byte block scratchpad; TODO assign owner/version/access before production-specific use."
"0xCD","MFR_SPECIFIC_CD","Mfr Defined","Mfr Defined","Mfr Defined","RangePreset","MFR_SPECIFIC_CD","BlockRead","RawBlock","TransportReady","Implemented","MFR_SPECIFIC_CD","Volatile CRPS MFR_SPECIFIC block shadow","HostVisibleShadowOrPlaceholder","HostVisibleOnly","CRPS policy: unassigned MFR_SPECIFIC command uses volatile 16-byte block scratchpad; TODO assign owner/version/access before production-specific use."
"0xCE","MFR_SPECIFIC_CE","Mfr Defined","Mfr Defined","Mfr Defined","RangePreset","MFR_SPECIFIC_CE","BlockRead","RawBlock","TransportReady","Implemented","MFR_SPECIFIC_CE","Volatile CRPS MFR_SPECIFIC block shadow","HostVisibleShadowOrPlaceholder","HostVisibleOnly","CRPS policy: unassigned MFR_SPECIFIC command uses volatile 16-byte block scratchpad; TODO assign owner/version/access before production-specific use."
"0xCF","MFR_SPECIFIC_CF","Mfr Defined","Mfr Defined","Mfr Defined","RangePreset","MFR_SPECIFIC_CF","BlockRead","RawBlock","TransportReady","Implemented","MFR_SPECIFIC_CF","Volatile CRPS MFR_SPECIFIC block shadow","HostVisibleShadowOrPlaceholder","HostVisibleOnly","CRPS policy: unassigned MFR_SPECIFIC command uses volatile 16-byte block scratchpad; TODO assign owner/version/access before production-specific use."
"0xD0","MFR_COLD_REDUNDANCY_CONFIG","Write Byte","Read Byte","1","Preset","MFR_COLD_REDUNDANCY_CONFIG","ReadByte","RawByte","TransportReady","Implemented","MFR_COLD_REDUNDANCY_CONFIG","M-CRPS cold redundancy config byte shadow","HostVisibleShadowOrPlaceholder","Documented","Volatile config byte in reference firmware; TODO bind placeholder value to final M-CRPS product data source before production release."
"0xD1","MFR_READ_CONFIG_FILE_SIZE","N/A","Block Read","Variable","Preset","MFR_READ_CONFIG_FILE_SIZE","BlockRead","RawBlock","TransportReady","Implemented","MFR_READ_CONFIG_FILE_SIZE","M-CRPS config-file-size block placeholder","HostVisibleShadowOrPlaceholder","HostVisibleOnly","Reference firmware returns fixed config-file-size metadata; TODO bind placeholder value to final M-CRPS product data source before production release."
"0xD2","MFR_READ_CONFIG_BLOCK_SIZE","N/A","Read Word","2","Preset","MFR_READ_CONFIG_BLOCK_SIZE","ReadWord","RawWord","TransportReady","Implemented","MFR_READ_CONFIG_BLOCK_SIZE","M-CRPS config block size word placeholder","HostVisibleShadowOrPlaceholder","HostVisibleOnly","Reference firmware returns fixed config block size; TODO bind placeholder value to final M-CRPS product data source before production release."
"0xD3","MFR_READ_CONFIG_FILE","Block Write-Read Process Call","N/A","Variable","Preset","MFR_READ_CONFIG_FILE","BlockWriteReadProcessCall","RawBlock","TransportReady","Implemented","MFR_READ_CONFIG_FILE","M-CRPS config file read placeholder","HostVisibleShadowOrPlaceholder","HostVisibleOnly","Write block-read block process call. Reference firmware returns bounded placeholder file data; TODO bind placeholder value to final M-CRPS product data source before production release."
"0xD4","MFR_HW_COMPATIBILITY","N/A","Read Word","2","Preset","MFR_HW_COMPATIBILITY","ReadWord","RawWord","TransportReady","Implemented","MFR_HW_COMPATIBILITY","M-CRPS hardware compatibility word placeholder","HostVisibleShadowOrPlaceholder","Documented","Reference firmware returns fixed compatibility bits; TODO bind placeholder value to final M-CRPS product data source before production release."
"0xD5","MFR_FWUPLOAD_CAPABILITY","N/A","Read Byte","1","Preset","MFR_FWUPLOAD_CAPABILITY","ReadByte","RawByte","TransportReady","Implemented","MFR_FWUPLOAD_CAPABILITY","M-CRPS firmware upload capability byte placeholder","HostVisibleShadowOrPlaceholder","Documented","Reference firmware returns fixed capability bits; TODO bind placeholder value to final M-CRPS product data source before production release."
"0xD6","MFR_FWUPLOAD_MODE","Write Byte","Read Byte","1","Preset","MFR_FWUPLOAD_MODE","ReadByte","RawByte","TransportReady","Implemented","MFR_FWUPLOAD_MODE","M-CRPS firmware upload mode byte shadow","ImplementedBehavior","Documented","Firmware upload mode byte shadow used by the reference upload parser."
"0xD7","MFR_FWUPLOAD","Block Write","N/A","Variable","Preset","MFR_FWUPLOAD","BlockWrite","RawBlock","TransportReady","Implemented","MFR_FWUPLOAD","M-CRPS firmware upload block parser","ImplementedBehavior","Documented","Reference firmware parses header/final-block flags and updates MFR_FWUPLOAD_STATUS."
"0xD8","MFR_FWUPLOAD_STATUS","Write Word","Read Word","2","Preset","MFR_FWUPLOAD_STATUS","ReadWord","RawWord","TransportReady","Implemented","MFR_FWUPLOAD_STATUS","M-CRPS firmware upload status word shadow","ImplementedBehavior","Documented","Reference firmware exposes upload status bits; write path can clear/set test status bits."
"0xD9","MFR_FW_REVISION","N/A","Block Read","7","Preset","MFR_FW_REVISION","BlockRead","BlockAscii","TransportReady","Implemented","MFR_FW_REVISION","M-CRPS firmware revision block placeholder","HostVisibleShadowOrPlaceholder","Documented","Reference firmware returns a fixed 7-byte revision string; TODO bind placeholder value to final M-CRPS product data source before production release."
"0xDA","MFR_SPDM","Block Write-Read Process Call","N/A","Variable","Preset","MFR_SPDM","BlockWriteReadProcessCall","RawBlock","TransportReady","Implemented","MFR_SPDM","M-CRPS SPDM tunnel placeholder","HostVisibleShadowOrPlaceholder","HostVisibleOnly","Reference firmware returns bounded SPDM placeholder response; TODO bind placeholder value to final M-CRPS product data source before production release."
"0xDB","MFR_FRU_PROTECTION","Write Byte","Read Byte","1","Preset","MFR_FRU_PROTECTION","ReadByte","RawByte","TransportReady","Implemented","MFR_FRU_PROTECTION","M-CRPS FRU protection byte shadow","HostVisibleShadowOrPlaceholder","Documented","Volatile byte shadow; TODO bind placeholder value to final M-CRPS product data source before production release."
"0xDC","MFR_BLACKBOX","N/A","Block Read","230","Preset","MFR_BLACKBOX","BlockRead","RawBlock","TransportReady","Implemented","MFR_BLACKBOX","M-CRPS blackbox long block placeholder","HostVisibleShadowOrPlaceholder","Documented","M-CRPS long blackbox is 230 bytes. HID/M032 reference may expose bounded chunks until long-block storage is productized; TODO bind placeholder value to final M-CRPS product data source before production release."
"0xDD","MFR_REAL_TIME_BLACK_BOX","Block Write-Read Process Call","Block Read","4","Preset","MFR_REAL_TIME_BLACK_BOX","BlockWriteReadProcessCall","RawBlock","TransportReady","Implemented","MFR_REAL_TIME_BLACK_BOX","M-CRPS real-time blackbox placeholder","HostVisibleShadowOrPlaceholder","Documented","Reference firmware returns fixed 4-byte live blackbox data; TODO bind placeholder value to final M-CRPS product data source before production release."
"0xDE","MFR_SYSTEM_BLACK_BOX","Block Write-Read Process Call","Block Read","40","Preset","MFR_SYSTEM_BLACK_BOX","BlockWriteReadProcessCall","RawBlock","TransportReady","Implemented","MFR_SYSTEM_BLACK_BOX","M-CRPS system blackbox placeholder","HostVisibleShadowOrPlaceholder","Documented","Reference firmware returns bounded system blackbox placeholder; TODO bind placeholder value to final M-CRPS product data source before production release."
"0xDF","MFR_BLACK_BOX_CONFIG","Write Byte","Read Byte","1","Preset","MFR_BLACK_BOX_CONFIG","ReadByte","RawByte","TransportReady","Implemented","MFR_BLACK_BOX_CONFIG","M-CRPS blackbox config byte shadow","HostVisibleShadowOrPlaceholder","HostVisibleOnly","Volatile config byte; TODO bind placeholder value to final M-CRPS product data source before production release."
"0xE0","MFR_CLEAR_BLACK_BOX","Write Byte","N/A","1","Preset","MFR_CLEAR_BLACK_BOX","WriteByte","None","TransportReady","Implemented","MFR_CLEAR_BLACK_BOX","M-CRPS clear blackbox command hook","HostVisibleShadowOrPlaceholder","HostVisibleOnly","Write byte hook clears reference blackbox shadows; TODO bind placeholder value to final M-CRPS product data source before production release."
"0xE1","MFR_LINE_STATUS","Write Byte","Read Byte","1","Preset","MFR_LINE_STATUS","ReadByte","RawByte","TransportReady","Implemented","MFR_LINE_STATUS","M-CRPS line status byte shadow","HostVisibleShadowOrPlaceholder","HostVisibleOnly","Volatile line-status byte; TODO bind placeholder value to final M-CRPS product data source before production release."
"0xE2","MFR_SYSTEM_LED_CNTL","Write Word","Read Word","2","Preset","MFR_SYSTEM_LED_CNTL","ReadWord","RawWord","TransportReady","Implemented","MFR_SYSTEM_LED_CNTL","M-CRPS system LED control word shadow","HostVisibleShadowOrPlaceholder","HostVisibleOnly","Volatile LED control word; TODO bind placeholder value to final M-CRPS product data source before production release."
"0xE3","MFR_FWUPLOAD_BLOCK_SIZE","N/A","Read Word","2","Preset","MFR_FWUPLOAD_BLOCK_SIZE","ReadWord","RawWord","TransportReady","Implemented","MFR_FWUPLOAD_BLOCK_SIZE","M-CRPS firmware upload block size word","HostVisibleShadowOrPlaceholder","HostVisibleOnly","Reference firmware returns fixed supported block size; TODO bind placeholder value to final M-CRPS product data source before production release."
"0xE4","MFR_EN_STATUS_SIMULATION_CMD","Write Byte","Read Byte","1","Preset","MFR_EN_STATUS_SIMULATION_CMD","ReadByte","RawByte","TransportReady","Implemented","MFR_EN_STATUS_SIMULATION_CMD","M-CRPS status simulation byte shadow","HostVisibleShadowOrPlaceholder","HostVisibleOnly","Volatile simulation-control byte for lab validation; TODO bind placeholder value to final M-CRPS product data source before production release."
"0xE5","MFR_SPECIFIC_E5","Mfr Defined","Mfr Defined","Mfr Defined","RangePreset","MFR_SPECIFIC_E5","BlockRead","RawBlock","TransportReady","Implemented","MFR_SPECIFIC_E5","Volatile CRPS MFR_SPECIFIC block shadow","HostVisibleShadowOrPlaceholder","HostVisibleOnly","CRPS policy: unassigned MFR_SPECIFIC command uses volatile 16-byte block scratchpad; TODO assign owner/version/access before production-specific use."
"0xE6","MFR_SPECIFIC_E6","Mfr Defined","Mfr Defined","Mfr Defined","RangePreset","MFR_SPECIFIC_E6","BlockRead","RawBlock","TransportReady","Implemented","MFR_SPECIFIC_E6","Volatile CRPS MFR_SPECIFIC block shadow","HostVisibleShadowOrPlaceholder","HostVisibleOnly","CRPS policy: unassigned MFR_SPECIFIC command uses volatile 16-byte block scratchpad; TODO assign owner/version/access before production-specific use."
"0xE7","MFR_SPECIFIC_E7","Mfr Defined","Mfr Defined","Mfr Defined","RangePreset","MFR_SPECIFIC_E7","BlockRead","RawBlock","TransportReady","Implemented","MFR_SPECIFIC_E7","Volatile CRPS MFR_SPECIFIC block shadow","HostVisibleShadowOrPlaceholder","HostVisibleOnly","CRPS policy: unassigned MFR_SPECIFIC command uses volatile 16-byte block scratchpad; TODO assign owner/version/access before production-specific use."
"0xE8","MFR_SPECIFIC_E8","Mfr Defined","Mfr Defined","Mfr Defined","RangePreset","MFR_SPECIFIC_E8","BlockRead","RawBlock","TransportReady","Implemented","MFR_SPECIFIC_E8","Volatile CRPS MFR_SPECIFIC block shadow","HostVisibleShadowOrPlaceholder","HostVisibleOnly","CRPS policy: unassigned MFR_SPECIFIC command uses volatile 16-byte block scratchpad; TODO assign owner/version/access before production-specific use."
"0xE9","MFR_PEAK_CURRENT_RECORD","Block Write","Block Read","Variable","Preset","MFR_PEAK_CURRENT_RECORD","BlockRead","RawBlock","TransportReady","Implemented","MFR_PEAK_CURRENT_RECORD","M-CRPS peak current record placeholder","HostVisibleShadowOrPlaceholder","HostVisibleOnly","Reference firmware returns bounded peak-current record bytes; TODO bind placeholder value to final M-CRPS product data source before production release."
"0xEA","MFR_SPECIFIC_EA","Mfr Defined","Mfr Defined","Mfr Defined","RangePreset","MFR_SPECIFIC_EA","BlockRead","RawBlock","TransportReady","Implemented","MFR_SPECIFIC_EA","Volatile CRPS MFR_SPECIFIC block shadow","HostVisibleShadowOrPlaceholder","HostVisibleOnly","CRPS policy: unassigned MFR_SPECIFIC command uses volatile 16-byte block scratchpad; TODO assign owner/version/access before production-specific use."
"0xEB","MFR_COMPONENT_ID","N/A","Block Read","Variable","Preset","MFR_COMPONENT_ID","BlockRead","RawBlock","TransportReady","Implemented","MFR_COMPONENT_ID","M-CRPS component ID block placeholder","HostVisibleShadowOrPlaceholder","HostVisibleOnly","Reference firmware returns fixed component ID block; TODO bind placeholder value to final M-CRPS product data source before production release."
"0xEC","MFR_TOT_POUT_MAX","N/A","Read Word","2","Preset","MFR_TOT_POUT_MAX","ReadWord","Linear11","TransportReady","Implemented","MFR_TOT_POUT_MAX","M-CRPS total output power max placeholder","HostVisibleShadowOrPlaceholder","HostVisibleOnly","Reference firmware returns fixed LINEAR11 total POUT max; TODO bind placeholder value to final M-CRPS product data source before production release."
"0xED","MFR_VOUT_MARGINING","Write Word","Read Word","2","Preset","MFR_VOUT_MARGINING","ReadWord","RawWord","TransportReady","Implemented","MFR_VOUT_MARGINING","M-CRPS VOUT margining word shadow","HostVisibleShadowOrPlaceholder","HostVisibleOnly","Volatile VOUT margining word; TODO bind placeholder value to final M-CRPS product data source before production release."
"0xEE","MFR_OCWPL1_SETTING","Block Write","Block Read","Variable","Preset","MFR_OCWPL1_SETTING","BlockRead","RawBlock","TransportReady","Implemented","MFR_OCWPL1_SETTING","M-CRPS OCW PL1 setting block shadow","HostVisibleShadowOrPlaceholder","HostVisibleOnly","Volatile bounded block shadow; TODO bind placeholder value to final M-CRPS product data source before production release."
"0xEF","MFR_SPECIFIC_EF","Mfr Defined","Mfr Defined","Mfr Defined","RangePreset","MFR_SPECIFIC_EF","BlockRead","RawBlock","TransportReady","Implemented","MFR_SPECIFIC_EF","Volatile CRPS MFR_SPECIFIC block shadow","HostVisibleShadowOrPlaceholder","HostVisibleOnly","CRPS policy: unassigned MFR_SPECIFIC command uses volatile 16-byte block scratchpad; TODO assign owner/version/access before production-specific use."
"0xF0","MFR_PWOK_WARNING_TIME","Write Word","Read Word","2","Preset","MFR_PWOK_WARNING_TIME","ReadWord","Linear11","TransportReady","Implemented","MFR_PWOK_WARNING_TIME","M-CRPS PWOK warning time shadow","HostVisibleShadowOrPlaceholder","Documented","Volatile LINEAR11 timing word; TODO bind placeholder value to final M-CRPS product data source before production release."
"0xF1","MFR_MAX_IOUT_CAPABILITY","N/A","Block Read","14","Preset","MFR_MAX_IOUT_CAPABILITY","BlockRead","RawBlock","TransportReady","Implemented","MFR_MAX_IOUT_CAPABILITY","M-CRPS max IOUT capability table placeholder","HostVisibleShadowOrPlaceholder","Documented","Reference firmware returns fixed 14-byte capability table; TODO bind placeholder value to final M-CRPS product data source before production release."
"0xF2","MFR_FPC_MAIN_MIN_OFF_TIME","Write Word","Read Word","2","Preset","MFR_FPC_MAIN_MIN_OFF_TIME","ReadWord","Linear11","TransportReady","Implemented","MFR_FPC_MAIN_MIN_OFF_TIME","M-CRPS FPC main min off-time shadow","HostVisibleShadowOrPlaceholder","HostVisibleOnly","Volatile LINEAR11 timing word; TODO bind placeholder value to final M-CRPS product data source before production release."
"0xF3","MFR_FPC_12VSB_MIN_OFF_TIME","Write Word","Read Word","2","Preset","MFR_FPC_12VSB_MIN_OFF_TIME","ReadWord","Linear11","TransportReady","Implemented","MFR_FPC_12VSB_MIN_OFF_TIME","M-CRPS FPC 12VSB min off-time shadow","HostVisibleShadowOrPlaceholder","HostVisibleOnly","Volatile LINEAR11 timing word; TODO bind placeholder value to final M-CRPS product data source before production release."
"0xF4","MFR_SPECIFIC_F4","Mfr Defined","Mfr Defined","Mfr Defined","RangePreset","MFR_SPECIFIC_F4","BlockRead","RawBlock","TransportReady","Implemented","MFR_SPECIFIC_F4","Volatile CRPS MFR_SPECIFIC block shadow","HostVisibleShadowOrPlaceholder","HostVisibleOnly","CRPS policy: unassigned MFR_SPECIFIC command uses volatile 16-byte block scratchpad; TODO assign owner/version/access before production-specific use."
"0xF5","MFR_SPECIFIC_F5","Mfr Defined","Mfr Defined","Mfr Defined","RangePreset","MFR_SPECIFIC_F5","BlockRead","RawBlock","TransportReady","Implemented","MFR_SPECIFIC_F5","Volatile CRPS MFR_SPECIFIC block shadow","HostVisibleShadowOrPlaceholder","HostVisibleOnly","CRPS policy: unassigned MFR_SPECIFIC command uses volatile 16-byte block scratchpad; TODO assign owner/version/access before production-specific use."
"0xF6","MFR_SPECIFIC_F6","Mfr Defined","Mfr Defined","Mfr Defined","RangePreset","MFR_SPECIFIC_F6","BlockRead","RawBlock","TransportReady","Implemented","MFR_SPECIFIC_F6","Volatile CRPS MFR_SPECIFIC block shadow","HostVisibleShadowOrPlaceholder","HostVisibleOnly","CRPS policy: unassigned MFR_SPECIFIC command uses volatile 16-byte block scratchpad; TODO assign owner/version/access before production-specific use."
"0xF7","MFR_SPECIFIC_F7","Mfr Defined","Mfr Defined","Mfr Defined","RangePreset","MFR_SPECIFIC_F7","BlockRead","RawBlock","TransportReady","Implemented","MFR_SPECIFIC_F7","Volatile CRPS MFR_SPECIFIC block shadow","HostVisibleShadowOrPlaceholder","HostVisibleOnly","CRPS policy: unassigned MFR_SPECIFIC command uses volatile 16-byte block scratchpad; TODO assign owner/version/access before production-specific use."
"0xF8","MFR_SPECIFIC_F8","Mfr Defined","Mfr Defined","Mfr Defined","RangePreset","MFR_SPECIFIC_F8","BlockRead","RawBlock","TransportReady","Implemented","MFR_SPECIFIC_F8","Volatile CRPS MFR_SPECIFIC block shadow","HostVisibleShadowOrPlaceholder","HostVisibleOnly","CRPS policy: unassigned MFR_SPECIFIC command uses volatile 16-byte block scratchpad; TODO assign owner/version/access before production-specific use."
"0xF9","MFR_SPECIFIC_F9","Mfr Defined","Mfr Defined","Mfr Defined","RangePreset","MFR_SPECIFIC_F9","BlockRead","RawBlock","TransportReady","Implemented","MFR_SPECIFIC_F9","Volatile CRPS MFR_SPECIFIC block shadow","HostVisibleShadowOrPlaceholder","HostVisibleOnly","CRPS policy: unassigned MFR_SPECIFIC command uses volatile 16-byte block scratchpad; TODO assign owner/version/access before production-specific use."
"0xFA","MFR_SPECIFIC_FA","Mfr Defined","Mfr Defined","Mfr Defined","RangePreset","MFR_SPECIFIC_FA","BlockRead","RawBlock","TransportReady","Implemented","MFR_SPECIFIC_FA","Volatile CRPS MFR_SPECIFIC block shadow","HostVisibleShadowOrPlaceholder","HostVisibleOnly","CRPS policy: unassigned MFR_SPECIFIC command uses volatile 16-byte block scratchpad; TODO assign owner/version/access before production-specific use."
"0xFB","MFR_SPECIFIC_FB","Mfr Defined","Mfr Defined","Mfr Defined","RangePreset","MFR_SPECIFIC_FB","BlockRead","RawBlock","TransportReady","Implemented","MFR_SPECIFIC_FB","Volatile CRPS MFR_SPECIFIC block shadow","HostVisibleShadowOrPlaceholder","HostVisibleOnly","CRPS policy: unassigned MFR_SPECIFIC command uses volatile 16-byte block scratchpad; TODO assign owner/version/access before production-specific use."
"0xFC","MFR_SPECIFIC_FC","Mfr Defined","Mfr Defined","Mfr Defined","RangePreset","MFR_SPECIFIC_FC","BlockRead","RawBlock","TransportReady","Implemented","MFR_SPECIFIC_FC","Volatile CRPS MFR_SPECIFIC block shadow","HostVisibleShadowOrPlaceholder","HostVisibleOnly","CRPS policy: unassigned MFR_SPECIFIC command uses volatile 16-byte block scratchpad; TODO assign owner/version/access before production-specific use."
"0xFD","MFR_SPECIFIC_FD","Mfr Defined","Mfr Defined","Mfr Defined","RangePreset","MFR_SPECIFIC_FD","BlockRead","RawBlock","TransportReady","Implemented","MFR_SPECIFIC_FD","Volatile CRPS MFR_SPECIFIC block shadow","HostVisibleShadowOrPlaceholder","HostVisibleOnly","CRPS policy: unassigned MFR_SPECIFIC command uses volatile 16-byte block scratchpad; TODO assign owner/version/access before production-specific use."
"0xFE","MFR_SPECIFIC_COMMAND_EXT","Extended Command","Extended Command","Mfr Defined","ExtendedMode","MFR_SPECIFIC_COMMAND_EXT","ExtendedCommand","RawBlock","TransportReady","Implemented","MFR_SPECIFIC_COMMAND_EXT","M-CRPS customer-specific extended selector","HostVisibleShadowOrPlaceholder","HostVisibleOnly","M-CRPS extension selector is recognized; product-owned subcommands must be allocated in a separate extension contract."
"0xFF","PMBUS_COMMAND_EXT","Extended Command","Extended Command","Mfr Defined","ExtendedMode","PMBUS_COMMAND_EXT","ExtendedCommand","RawBlock","TransportReady","Implemented","PMBUS_COMMAND_EXT","CRPS extended-command selector policy","HostVisibleShadowOrPlaceholder","HostVisibleOnly","CRPS policy: PMBus extended selector is recognized; extended subcommand namespace uses volatile block shadow until standard/product commands are allocated."
